{
	"variables": [],
	"info": {
		"name": "misRequests",
		"_postman_id": "a75924b4-bacb-14c5-0a19-43806426eb88",
		"description": "",
		"schema": "https://schema.getpostman.com/json/collection/v2.0.0/collection.json"
	},
	"item": [
		{
			"name": "BorrarUsuarioID",
			"request": {
				"url": "http://localhost:8080/Practica2ParcialProg/usuario/",
				"method": "DELETE",
				"header": [
					{
						"key": "Content-Type",
						"value": "application/x-www-form-urlencoded",
						"description": ""
					}
				],
				"body": {
					"mode": "urlencoded",
					"urlencoded": [
						{
							"key": "id",
							"value": "16",
							"description": "",
							"type": "text"
						}
					]
				},
				"description": ""
			},
			"response": []
		},
		{
			"name": "TraerTodosUsuarios",
			"request": {
				"url": "http://localhost:8080/Practica2ParcialProg/usuario/",
				"method": "GET",
				"header": [],
				"body": {
					"mode": "raw",
					"raw": ""
				},
				"description": ""
			},
			"response": []
		},
		{
			"name": "ModificarUsuario",
			"request": {
				"url": "http://localhost:8080/Practica2ParcialProg/usuario/",
				"method": "PUT",
				"header": [
					{
						"key": "Content-Type",
						"value": "application/x-www-form-urlencoded",
						"description": ""
					}
				],
				"body": {
					"mode": "urlencoded",
					"urlencoded": [
						{
							"key": "nombre",
							"value": "Pedro",
							"description": "",
							"type": "text"
						},
						{
							"key": "email",
							"value": "asd",
							"description": "",
							"type": "text"
						}
					]
				},
				"description": ""
			},
			"response": []
		},
		{
			"name": "CargarComentario",
			"request": {
				"url": "http://localhost:8080/Practica2ParcialProg/comentario/",
				"method": "POST",
				"header": [],
				"body": {
					"mode": "formdata",
					"formdata": [
						{
							"key": "email",
							"value": "Micaela@hotmail.com",
							"description": "",
							"type": "text"
						},
						{
							"key": "foto",
							"value": "",
							"description": "",
							"type": "file"
						},
						{
							"key": "titulo",
							"value": "Flores",
							"description": "",
							"type": "text"
						},
						{
							"key": "comentario",
							"value": "UnComentarioInventado",
							"description": "",
							"type": "text"
						}
					]
				},
				"description": ""
			},
			"response": []
		},
		{
			"name": "TraerUsuarioID",
			"request": {
				"url": "http://localhost:8080/Practica2ParcialProg/usuario/traerid/14",
				"method": "GET",
				"header": [],
				"body": {
					"mode": "raw",
					"raw": ""
				},
				"description": ""
			},
			"response": []
		},
		{
			"name": "TraerUsuarioEmail",
			"request": {
				"url": "http://localhost:8080/Practica2ParcialProg/usuario/traeremail/asdo",
				"method": "GET",
				"header": [],
				"body": {
					"mode": "raw",
					"raw": ""
				},
				"description": ""
			},
			"response": []
		},
		{
			"name": "VerificarUsuario",
			"request": {
				"url": "http://localhost:8080/Practica2ParcialProg/usuario/verificarusuario",
				"method": "POST",
				"header": [],
				"body": {
					"mode": "formdata",
					"formdata": [
						{
							"key": "email",
							"value": "Micaela@hotmail.com",
							"description": "",
							"type": "text"
						},
						{
							"key": "clave",
							"value": "2468",
							"description": "",
							"type": "text"
						}
					]
				},
				"description": ""
			},
			"response": []
		},
		{
			"name": "TraerTodosComentarios",
			"request": {
				"url": "http://localhost:8080/Practica2ParcialProg/comentario/",
				"method": "GET",
				"header": [],
				"body": {
					"mode": "raw",
					"raw": ""
				},
				"description": ""
			},
			"response": []
		},
		{
			"name": "TraerComentarioUsuario",
			"request": {
				"url": "http://localhost:8080/Practica2ParcialProg/comentario/traerusuario/Micaela@hotmail.com",
				"method": "GET",
				"header": [],
				"body": {
					"mode": "raw",
					"raw": ""
				},
				"description": ""
			},
			"response": []
		},
		{
			"name": "TraerComentarioTitulo",
			"request": {
				"url": "http://localhost:8080/Practica2ParcialProg/comentario/traertitulo/Flores",
				"method": "GET",
				"header": [],
				"body": {
					"mode": "raw",
					"raw": ""
				},
				"description": ""
			},
			"response": []
		},
		{
			"name": "Login",
			"request": {
				"url": "http://localhost:8080/Practica2ParcialProg/login",
				"method": "POST",
				"header": [],
				"body": {
					"mode": "formdata",
					"formdata": [
						{
							"key": "usuario",
							"value": "Laura@hotmail.com",
							"description": "",
							"type": "text"
						},
						{
							"key": "clave",
							"value": "1234",
							"description": "",
							"type": "text"
						}
					]
				},
				"description": ""
			},
			"response": []
		},
		{
			"name": "CargarUsuario",
			"request": {
				"url": "http://localhost:8080/Practica2ParcialProg/usuario/",
				"method": "POST",
				"header": [],
				"body": {
					"mode": "formdata",
					"formdata": [
						{
							"key": "nombre",
							"value": "Micaela",
							"description": "",
							"type": "text"
						},
						{
							"key": "email",
							"value": "Micaela@hotmail.com",
							"description": "",
							"type": "text"
						},
						{
							"key": "edad",
							"value": "24",
							"description": "",
							"type": "text"
						},
						{
							"key": "perfil",
							"value": "Usuario",
							"description": "",
							"type": "text"
						},
						{
							"key": "clave",
							"value": "2468",
							"description": "",
							"type": "text"
						}
					]
				},
				"description": ""
			},
			"response": []
		},
		{
			"name": "CargarUsuarioGetHeader",
			"request": {
				"url": "http://localhost:8080/Practica2ParcialProg/usuario/cargarunogetheader",
				"method": "GET",
				"header": [
					{
						"key": "nombre",
						"value": "Pedro",
						"description": ""
					},
					{
						"key": "email",
						"value": "Pedro@hotmail.com",
						"description": ""
					},
					{
						"key": "edad",
						"value": "28",
						"description": ""
					},
					{
						"key": "perfil",
						"value": "Admin",
						"description": ""
					},
					{
						"key": "clave",
						"value": "8888",
						"description": ""
					}
				],
				"body": {},
				"description": ""
			},
			"response": []
		},
		{
			"name": "BorrarComentario",
			"request": {
				"url": "http://localhost:8080/Practica2ParcialProg/comentario/",
				"method": "DELETE",
				"header": [
					{
						"key": "Content-Type",
						"value": "application/x-www-form-urlencoded",
						"description": ""
					}
				],
				"body": {
					"mode": "urlencoded",
					"urlencoded": [
						{
							"key": "titulo",
							"value": "prueba",
							"description": "",
							"type": "text"
						}
					]
				},
				"description": ""
			},
			"response": []
		},
		{
			"name": "ModificarComentario",
			"request": {
				"url": "http://localhost:8080/Practica2ParcialProg/comentario/modificarcomentario",
				"method": "POST",
				"header": [],
				"body": {
					"mode": "formdata",
					"formdata": [
						{
							"key": "titulo",
							"value": "prueba",
							"description": "",
							"type": "text"
						},
						{
							"key": "comentario",
							"value": "Modifydy",
							"description": "",
							"type": "text"
						},
						{
							"key": "foto",
							"value": "",
							"description": "",
							"type": "file"
						}
					]
				},
				"description": ""
			},
			"response": []
		}
	]
}